{
	"latitud": -2.142954,
	"longitud": -79.90597660000003
}